name,category_name,description,city,region,phone,email,website,min_order_amount,min_order_unit,price_range_description,has_certificates,certificate_types,delivery_conditions,delivery_regions,source_url,source_platform,notes
ООО «Пример Молоко»,Молочная продукция,Оптовые поставки молока и кисломолочной продукции.,Москва,Московская область,+7 (495) 000-00-01,opt@primer-moloko.ru,primer-moloko.ru,50000,руб,Молоко от 55 руб/л,True,"ГОСТ, HACCP",Доставка по Москве и МО,"Москва, Московская область",https://primer-moloko.ru,manual,
ООО «Рыба Опт»,Рыба и морепродукты,,Санкт-Петербург,Санкт-Петербург,+7 (812) 000-00-02,fish@ryba-opt.ru,ryba-opt.ru,100000,руб,,True,ГОСТ,Доставка по СЗФО,"Санкт-Петербург, Ленинградская область",,manual,Без описания — заполнит Ollama
ООО «АгроМясо»,Мясо и птица,Оптовые поставки говядины и свинины от производителя.,Воронеж,Воронежская область,+7 (473) 201-10-01,info@agromyaso.ru,agromyaso.ru,80000,руб,Говядина от 320 руб/кг,True,"ГОСТ, ветеринарные сертификаты",Доставка по ЦФО,"Воронеж, Липецк, Тамбов",https://agromyaso.ru,manual,
ООО «СибХлеб»,Хлеб и выпечка,Производство и оптовая продажа хлебобулочных изделий.,Новосибирск,Новосибирская область,+7 (383) 300-20-05,opt@sibhleb.ru,sibhleb.ru,30000,руб,Хлеб от 18 руб/шт,True,ГОСТ,Ежедневная доставка по Новосибирску,"Новосибирск, Новосибирская область",https://sibhleb.ru,manual,
ООО «УралМасло»,Масложировая продукция,Оптовые поставки подсолнечного и рапсового масла.,Екатеринбург,Свердловская область,+7 (343) 210-30-00,sales@uralmaslo.ru,uralmaslo.ru,60000,руб,Масло от 95 руб/л,True,"ГОСТ, ISO 22000",Доставка по УФО,"Екатеринбург, Челябинск, Тюмень",https://uralmaslo.ru,manual,
ООО «КубаньСахар»,Бакалея,Оптовые поставки сахара-песка и сахара-рафинада.,Краснодар,Краснодарский край,+7 (861) 250-40-10,sugar@kubansakhar.ru,kubansakhar.ru,100000,руб,Сахар от 62 руб/кг,True,ГОСТ,Доставка по ЮФО,"Краснодар, Ростов-на-Дону, Ставрополь",https://kubansakhar.ru,manual,
ООО «ВолгаПтица»,Мясо и птица,Поставки охлаждённой и замороженной курятины оптом.,Саратов,Саратовская область,+7 (845) 230-50-20,opt@volgaptitsa.ru,volgaptitsa.ru,70000,руб,Курица от 180 руб/кг,True,"ГОСТ, ветеринарные сертификаты",Доставка по ПФО,"Саратов, Самара, Ульяновск",https://volgaptitsa.ru,manual,
ООО «СеверРыба»,Рыба и морепродукты,Оптовые поставки трески и сёмги из Мурманска.,Мурманск,Мурманская область,+7 (815) 220-60-30,info@severryba.ru,severryba.ru,150000,руб,Треска от 270 руб/кг,True,"ГОСТ, MSC",Доставка по СЗФО,"Мурманск, Архангельск, Петрозаводск",https://severryba.ru,manual,
ООО «КавказФрукт»,Фрукты и овощи,Оптовые поставки фруктов и овощей с Кавказа.,Ставрополь,Ставропольский край,+7 (865) 240-70-40,fruit@kavkazfrukt.ru,kavkazfrukt.ru,40000,руб,Яблоки от 55 руб/кг,False,,Доставка по ЮФО и СКФО,"Ставрополь, Нальчик, Владикавказ",https://kavkazfrukt.ru,manual,
ООО «ДальМорПродукт»,Рыба и морепродукты,Поставки краба и минтая с Дальнего Востока.,Владивосток,Приморский край,+7 (423) 260-80-50,sales@dalmor.ru,dalmor.ru,200000,руб,Краб от 1200 руб/кг,True,"ГОСТ, MSC, HACCP",Доставка по РФ,"Владивосток, Хабаровск, Москва",https://dalmor.ru,manual,
ООО «МосЗерно»,Бакалея,Оптовые поставки пшеницы гречки и риса.,Москва,Московская область,+7 (495) 310-90-60,grain@moszerno.ru,moszerno.ru,90000,руб,Гречка от 72 руб/кг,True,ГОСТ,Доставка по ЦФО,"Москва, МО, Тула, Рязань",https://moszerno.ru,manual,
ООО «ТверьМолПром»,Молочная продукция,Производство и поставка сыров и творога оптом.,Тверь,Тверская область,+7 (482) 290-00-70,tver@molprom.ru,tvermolprom.ru,55000,руб,Сыр от 420 руб/кг,True,"ГОСТ, HACCP",Доставка по ЦФО,"Тверь, Москва, Ярославль",https://tvermolprom.ru,manual,
ООО «ОренбургМясо»,Мясо и птица,Поставки баранины и конины оптом от фермерских хозяйств.,Оренбург,Оренбургская область,+7 (353) 270-10-80,meat@orenburg-myaso.ru,orenburg-myaso.ru,75000,руб,Баранина от 380 руб/кг,True,"ГОСТ, ветеринарные сертификаты",Доставка по ПФО и УФО,"Оренбург, Уфа, Магнитогорск",https://orenburg-myaso.ru,manual,
ООО «ПриволжьеОвощи»,Фрукты и овощи,Оптовые поставки картофеля лука и моркови.,Нижний Новгород,Нижегородская область,+7 (831) 280-20-90,veg@privolzhe.ru,privolzhe-ovoshi.ru,35000,руб,Картофель от 28 руб/кг,False,,Доставка по ПФО,"Нижний Новгород, Казань, Чебоксары",https://privolzhe-ovoshi.ru,manual,
ООО «АлтайМёд»,Кондитерские изделия,Оптовые поставки алтайского мёда и продуктов пчеловодства.,Барнаул,Алтайский край,+7 (385) 250-30-01,honey@altaj-med.ru,altaj-med.ru,25000,руб,Мёд от 350 руб/кг,True,"ГОСТ, органический сертификат",Доставка по СФО,"Барнаул, Новосибирск, Кемерово",https://altaj-med.ru,manual,
ООО «ЮжМорПродукт»,Рыба и морепродукты,Поставки чёрноморской рыбы и морепродуктов оптом.,Новороссийск,Краснодарский край,+7 (861) 220-40-02,fish@yugmor.ru,yugmor.ru,80000,руб,Ставрида от 120 руб/кг,True,ГОСТ,Доставка по ЮФО,"Новороссийск, Краснодар, Ростов",https://yugmor.ru,manual,
ООО «КировМолоко»,Молочная продукция,Оптовые поставки молока кефира и ряженки.,Киров,Кировская область,+7 (833) 230-50-03,milk@kirov-moloko.ru,kirov-moloko.ru,45000,руб,Молоко от 52 руб/л,True,ГОСТ,Доставка по ПФО,"Киров, Пермь, Ижевск",https://kirov-moloko.ru,manual,
ООО «ТюменьАгро»,Фрукты и овощи,Тепличные овощи и зелень оптом круглый год.,Тюмень,Тюменская область,+7 (345) 210-60-04,agro@tyumen-agro.ru,tyumen-agro.ru,30000,руб,Помидоры от 95 руб/кг,True,"ГОСТ, GlobalGAP",Доставка по УФО,"Тюмень, Екатеринбург, Сургут",https://tyumen-agro.ru,manual,
ООО «РостовМельница»,Бакалея,Мука пшеничная и ржаная оптом от производителя.,Ростов-на-Дону,Ростовская область,+7 (863) 290-70-05,flour@rostov-mill.ru,rostov-mill.ru,70000,руб,Мука в/с от 34 руб/кг,True,ГОСТ,Доставка по ЮФО,"Ростов, Краснодар, Волгоград",https://rostov-mill.ru,manual,
ООО «БашкирМёд»,Кондитерские изделия,Башкирский натуральный мёд всех сортов оптом.,Уфа,Республика Башкортостан,+7 (347) 260-80-06,med@bashkir-med.ru,bashkir-med.ru,20000,руб,Мёд липовый от 400 руб/кг,True,"ГОСТ, органический сертификат",Доставка по ПФО и УФО,"Уфа, Казань, Екатеринбург",https://bashkir-med.ru,manual,
ООО «СмоленскКрупа»,Бакалея,Оптовые поставки крупяных изделий и бобовых.,Смоленск,Смоленская область,+7 (481) 240-90-07,cereal@smolensk-krupa.ru,smolensk-krupa.ru,50000,руб,Горох от 48 руб/кг,True,ГОСТ,Доставка по ЦФО,"Смоленск, Москва, Брянск",https://smolensk-krupa.ru,manual,
ООО «КрасноярскОвощи»,Фрукты и овощи,Оптовые поставки тепличных и грунтовых овощей.,Красноярск,Красноярский край,+7 (391) 220-01-08,veg@krasovoshi.ru,krasovoshi.ru,35000,руб,Огурцы от 65 руб/кг,False,,Доставка по СФО,"Красноярск, Абакан, Ачинск",https://krasovoshi.ru,manual,
ООО «ПензаМолПром»,Молочная продукция,Производство и поставка масла сливочного и сметаны.,Пенза,Пензенская область,+7 (841) 200-02-09,dairy@penza-mol.ru,penza-mol.ru,40000,руб,Масло от 580 руб/кг,True,ГОСТ,Доставка по ПФО,"Пенза, Саратов, Тольятти",https://penza-mol.ru,manual,
ООО «НовгородМясо»,Мясо и птица,Поставки свинины и субпродуктов оптом.,Великий Новгород,Новгородская область,+7 (816) 230-03-10,meat@novgorod-myaso.ru,novgorod-myaso.ru,65000,руб,Свинина от 280 руб/кг,True,"ГОСТ, ветеринарные сертификаты",Доставка по СЗФО,"Новгород, Псков, Петербург",https://novgorod-myaso.ru,manual,
ООО «ВологдаСыр»,Молочная продукция,Производство и поставка вологодских сыров оптом.,Вологда,Вологодская область,+7 (817) 210-04-11,cheese@vologda-syr.ru,vologda-syr.ru,60000,руб,Сыр от 450 руб/кг,True,"ГОСТ, HACCP",Доставка по СЗФО и ЦФО,"Вологда, Москва, Петербург",https://vologda-syr.ru,manual,
ООО «АстраханьРыба»,Рыба и морепродукты,Поставки воблы и судака из Астраханского региона.,Астрахань,Астраханская область,+7 (851) 250-05-12,fish@astryba.ru,astryba.ru,60000,руб,Вобла от 95 руб/кг,True,ГОСТ,Доставка по ЮФО,"Астрахань, Волгоград, Саратов",https://astryba.ru,manual,
ООО «ИркутскАгро»,Фрукты и овощи,Поставки картофеля и капусты из Сибири оптом.,Иркутск,Иркутская область,+7 (395) 230-06-13,agro@irkagro.ru,irkagro.ru,30000,руб,Капуста от 22 руб/кг,False,,Доставка по СФО,"Иркутск, Улан-Удэ, Чита",https://irkagro.ru,manual,
ООО «ПермьКолбаса»,Мясо и птица,Оптовые поставки колбасных изделий и деликатесов.,Пермь,Пермский край,+7 (342) 260-07-14,kolbasa@perm-kolbasa.ru,perm-kolbasa.ru,55000,руб,Колбаса варёная от 320 руб/кг,True,"ГОСТ, HACCP",Доставка по ПФО,"Пермь, Екатеринбург, Ижевск",https://perm-kolbasa.ru,manual,
ООО «КалининградРыба»,Рыба и морепродукты,Поставки балтийской сельди и шпрот оптом.,Калининград,Калининградская область,+7 (401) 240-08-15,fish@kalinin-ryba.ru,kalinin-ryba.ru,90000,руб,Сельдь от 110 руб/кг,True,"ГОСТ, MSC",Доставка по РФ,"Калининград, Москва, Петербург",https://kalinin-ryba.ru,manual,
ООО «ТамбовМолоко»,Молочная продукция,Поставки пастеризованного молока и йогуртов оптом.,Тамбов,Тамбовская область,+7 (475) 220-09-16,milk@tambov-moloko.ru,tambov-moloko.ru,42000,руб,Молоко от 54 руб/л,True,ГОСТ,Доставка по ЦФО,"Тамбов, Воронеж, Липецк",https://tambov-moloko.ru,manual,
ООО «БрянскКартофель»,Фрукты и овощи,Оптовые поставки картофеля брянских сортов.,Брянск,Брянская область,+7 (483) 200-10-17,potato@bryansk-kartof.ru,bryansk-kartof.ru,25000,руб,Картофель от 25 руб/кг,False,,Доставка по ЦФО,"Брянск, Орёл, Калуга",https://bryansk-kartof.ru,manual,
ООО «КемеровоМясо»,Мясо и птица,Поставки говядины и полуфабрикатов из Кузбасса.,Кемерово,Кемеровская область,+7 (384) 270-11-18,meat@kemer-myaso.ru,kemer-myaso.ru,70000,руб,Говядина от 340 руб/кг,True,ГОСТ,Доставка по СФО,"Кемерово, Новосибирск, Томск",https://kemer-myaso.ru,manual,
ООО «СаранскСахар»,Бакалея,Оптовые поставки сахара и кондитерского сырья.,Саранск,Республика Мордовия,+7 (834) 250-12-19,sugar@saransk-sakhar.ru,saransk-sakhar.ru,80000,руб,Сахар от 61 руб/кг,True,ГОСТ,Доставка по ПФО,"Саранск, Пенза, Ульяновск",https://saransk-sakhar.ru,manual,
ООО «ТомскОрех»,Бакалея,Оптовые поставки кедрового ореха и дикоросов.,Томск,Томская область,+7 (382) 230-13-20,nuts@tomsk-oreh.ru,tomsk-oreh.ru,20000,руб,Кедровый орех от 1200 руб/кг,True,ГОСТ,Доставка по СФО и РФ,"Томск, Новосибирск, Москва",https://tomsk-oreh.ru,manual,
ООО «ЯрославльОйл»,Масложировая продукция,Оптовые поставки льняного и конопляного масла.,Ярославль,Ярославская область,+7 (485) 210-14-21,oil@yaroslavl-oil.ru,yaroslavl-oil.ru,45000,руб,Льняное масло от 160 руб/л,True,"ГОСТ, органический сертификат",Доставка по ЦФО,"Ярославль, Иваново, Кострома",https://yaroslavl-oil.ru,manual,
ООО «МахачкалаОвощи»,Фрукты и овощи,Поставки томатов баклажанов и перца с Кавказа.,Махачкала,Республика Дагестан,+7 (872) 290-15-22,veg@makhachkala-ovoshi.ru,makhachkala-ovoshi.ru,30000,руб,Томаты от 75 руб/кг,False,,Доставка по СКФО и ЮФО,"Махачкала, Ставрополь, Ростов",https://makhachkala-ovoshi.ru,manual,
ООО «СыктывкарМолоко»,Молочная продукция,Поставки молока и творога от республиканских хозяйств.,Сыктывкар,Республика Коми,+7 (821) 260-16-23,dairy@syktyvkar-moloko.ru,syktyvkar-moloko.ru,38000,руб,Творог от 280 руб/кг,True,ГОСТ,Доставка по СЗФО,"Сыктывкар, Ухта, Архангельск",https://syktyvkar-moloko.ru,manual,
ООО «ЧелябинскМука»,Бакалея,Оптовые поставки муки и отрубей от мелькомбината.,Челябинск,Челябинская область,+7 (351) 240-17-24,flour@chelya-muka.ru,chelya-muka.ru,65000,руб,Мука 1 с от 32 руб/кг,True,ГОСТ,Доставка по УФО,"Челябинск, Магнитогорск, Екатеринбург",https://chelya-muka.ru,manual,
ООО «СочиФрукт»,Фрукты и овощи,Поставки цитрусовых и субтропических фруктов оптом.,Сочи,Краснодарский край,+7 (862) 220-18-25,fruit@sochi-frukt.ru,sochi-frukt.ru,40000,руб,Мандарины от 85 руб/кг,False,,Доставка по ЮФО,"Сочи, Краснодар, Ростов",https://sochi-frukt.ru,manual,
ООО «НижегородскийХлеб»,Хлеб и выпечка,Производство и поставка хлебобулочных изделий оптом.,Нижний Новгород,Нижегородская область,+7 (831) 200-19-26,bread@nn-hleb.ru,nn-hleb.ru,28000,руб,Батон от 22 руб/шт,True,ГОСТ,Ежедневная доставка по ПФО,"Нижний Новгород, Кстово, Дзержинск",https://nn-hleb.ru,manual,
ООО «БурятияМясо»,Мясо и птица,Поставки говядины и баранины из Бурятии оптом.,Улан-Удэ,Республика Бурятия,+7 (301) 280-20-27,meat@buryatiya-myaso.ru,buryatiya-myaso.ru,60000,руб,Говядина от 330 руб/кг,True,"ГОСТ, ветеринарные сертификаты",Доставка по СФО и ДВО,"Улан-Удэ, Чита, Иркутск",https://buryatiya-myaso.ru,manual,
ООО «МурманскКраб»,Рыба и морепродукты,Поставки краба креветки и мидий из Баренцева моря.,Мурманск,Мурманская область,+7 (815) 260-21-28,crab@murmansk-krab.ru,murmansk-krab.ru,250000,руб,Краб камчатский от 1400 руб/кг,True,"ГОСТ, MSC, HACCP",Доставка по РФ,"Мурманск, Москва, Петербург",https://murmansk-krab.ru,manual,
ООО «ЛипецкОвощи»,Фрукты и овощи,Оптовые поставки свёклы моркови и репчатого лука.,Липецк,Липецкая область,+7 (474) 240-22-29,veg@lipetsk-ovoshi.ru,lipetsk-ovoshi.ru,28000,руб,Морковь от 24 руб/кг,False,,Доставка по ЦФО,"Липецк, Тамбов, Воронеж",https://lipetsk-ovoshi.ru,manual,
ООО «ВладимирМолПром»,Молочная продукция,Поставки молока топлёного и ряженки оптом.,Владимир,Владимирская область,+7 (492) 220-23-30,dairy@vladimir-mol.ru,vladimir-mol.ru,40000,руб,Ряженка от 65 руб/л,True,ГОСТ,Доставка по ЦФО,"Владимир, Москва, Иваново",https://vladimir-mol.ru,manual,
ООО «СтавропольПтица»,Мясо и птица,Оптовые поставки индейки и утки от птицефабрики.,Ставрополь,Ставропольский край,+7 (865) 260-24-31,poultry@stavrop-ptitsa.ru,stavrop-ptitsa.ru,75000,руб,Индейка от 210 руб/кг,True,"ГОСТ, ветеринарные сертификаты",Доставка по СКФО и ЮФО,"Ставрополь, Краснодар, Ростов",https://stavrop-ptitsa.ru,manual,
ООО «ОмскМасло»,Масложировая продукция,Поставки сливочного масла и топлёного жира оптом.,Омск,Омская область,+7 (381) 240-25-32,butter@omsk-maslo.ru,omsk-maslo.ru,55000,руб,Масло 82,5% от 600 руб/кг,True,ГОСТ,Доставка по СФО,"Омск, Новосибирск, Тюмень",https://omsk-maslo.ru,manual,
ООО «ХабаровскРыба»,Рыба и морепродукты,Поставки лосося горбуши и кижуча с Дальнего Востока.,Хабаровск,Хабаровский край,+7 (421) 220-26-33,fish@habarovsk-ryba.ru,habarovsk-ryba.ru,120000,руб,Горбуша от 240 руб/кг,True,"ГОСТ, HACCP",Доставка по ДВО и РФ,"Хабаровск, Владивосток, Москва",https://habarovsk-ryba.ru,manual,
ООО «КалугаКрупа»,Бакалея,Оптовые поставки гречки риса и овсянки.,Калуга,Калужская область,+7 (484) 200-27-34,cereal@kaluga-krupa.ru,kaluga-krupa.ru,45000,руб,Рис от 68 руб/кг,True,ГОСТ,Доставка по ЦФО,"Калуга, Тула, Москва",https://kaluga-krupa.ru,manual,
ООО «НовороссийскМасло»,Масложировая продукция,Поставки оливкового и кукурузного масла оптом.,Новороссийск,Краснодарский край,+7 (861) 280-28-35,oil@novor-maslo.ru,novor-maslo.ru,80000,руб,Масло оливковое от 380 руб/л,True,"ГОСТ, ISO 22000",Доставка по ЮФО,"Новороссийск, Краснодар, Анапа",https://novor-maslo.ru,manual,
ООО «РязаньСвиноводство»,Мясо и птица,Поставки свинины охлаждённой и замороженной оптом.,Рязань,Рязанская область,+7 (491) 260-29-36,pork@ryazan-svin.ru,ryazan-svin.ru,70000,руб,Свинина от 285 руб/кг,True,"ГОСТ, ветеринарные сертификаты",Доставка по ЦФО,"Рязань, Москва, Тула",https://ryazan-svin.ru,manual,
ООО «ЧувашияПтица»,Мясо и птица,Оптовые поставки куриных яиц и мяса птицы.,Чебоксары,Чувашская Республика,+7 (835) 240-30-37,poultry@chuvashiya-ptitsa.ru,chuvashiya-ptitsa.ru,50000,руб,Яйца от 8 руб/шт,True,ГОСТ,Доставка по ПФО,"Чебоксары, Казань, Нижний Новгород",https://chuvashiya-ptitsa.ru,manual,
ООО «ТулаХлебозавод»,Хлеб и выпечка,Производство пряников и хлебобулочных изделий оптом.,Тула,Тульская область,+7 (487) 220-31-38,bread@tula-hleb.ru,tula-hleb.ru,30000,руб,Пряники от 180 руб/кг,True,ГОСТ,Доставка по ЦФО,"Тула, Москва, Рязань",https://tula-hleb.ru,manual,
ООО «СаратовМолоко»,Молочная продукция,Оптовые поставки молока и кефира от местных хозяйств.,Саратов,Саратовская область,+7 (845) 200-32-39,dairy@saratov-moloko.ru,saratov-moloko.ru,44000,руб,Кефир от 58 руб/л,True,ГОСТ,Доставка по ПФО,"Саратов, Энгельс, Балаково",https://saratov-moloko.ru,manual,
ООО «ПсковОвощи»,Фрукты и овощи,Поставки огурцов и томатов из псковских теплиц оптом.,Псков,Псковская область,+7 (811) 280-33-40,veg@pskov-ovoshi.ru,pskov-ovoshi.ru,25000,руб,Огурцы от 70 руб/кг,False,,Доставка по СЗФО,"Псков, Новгород, Петербург",https://pskov-ovoshi.ru,manual,
ООО «ТатарстанОрех»,Бакалея,Оптовые поставки грецкого ореха и фундука.,Казань,Республика Татарстан,+7 (843) 260-34-41,nuts@tatarstan-oreh.ru,tatarstan-oreh.ru,30000,руб,Грецкий орех от 550 руб/кг,True,ГОСТ,Доставка по ПФО,"Казань, Набережные Челны, Уфа",https://tatarstan-oreh.ru,manual,
ООО «ВолгоградПтица»,Мясо и птица,Поставки бройлеров и куриных полуфабрикатов оптом.,Волгоград,Волгоградская область,+7 (844) 240-35-42,poultry@volgograd-ptitsa.ru,volgograd-ptitsa.ru,65000,руб,Бройлер от 185 руб/кг,True,"ГОСТ, ветеринарные сертификаты",Доставка по ЮФО,"Волгоград, Саратов, Астрахань",https://volgograd-ptitsa.ru,manual,
ООО «АрхангельскМорепродукты»,Рыба и морепродукты,Поставки трески пикши и морского окуня из Белого моря.,Архангельск,Архангельская область,+7 (818) 220-36-43,fish@arkhangelsk-more.ru,arkhangelsk-more.ru,110000,руб,Треска от 280 руб/кг,True,"ГОСТ, MSC",Доставка по СЗФО,"Архангельск, Мурманск, Петербург",https://arkhangelsk-more.ru,manual,
ООО «СибирьМолоко»,Молочная продукция,Поставки сухого молока и сыворотки оптом.,Омск,Омская область,+7 (381) 200-37-44,dry@sibir-moloko.ru,sibir-moloko.ru,120000,руб,Сухое молоко от 320 руб/кг,True,"ГОСТ, ISO 22000",Доставка по СФО и РФ,"Омск, Новосибирск, Тюмень",https://sibir-moloko.ru,manual,
ООО «ЗабайкальеГриб»,Бакалея,Поставки сушёных грибов и таёжных дикоросов оптом.,Чита,Забайкальский край,+7 (302) 280-38-45,mushroom@zabaikalye-grib.ru,zabaikalye-grib.ru,15000,руб,Белый гриб сушёный от 2200 руб/кг,True,ГОСТ,Доставка по СФО и РФ,"Чита, Иркутск, Москва",https://zabaikalye-grib.ru,manual,
ООО «КурскСахарный»,Бакалея,Оптовые поставки свекловичного сахара от завода.,Курск,Курская область,+7 (471) 260-39-46,sugar@kursk-sakharny.ru,kursk-sakharny.ru,100000,руб,Сахар от 60 руб/кг,True,ГОСТ,Доставка по ЦФО и ЮФО,"Курск, Белгород, Воронеж",https://kursk-sakharny.ru,manual,
ООО «УдмуртияМясо»,Мясо и птица,Оптовые поставки говядины и свинины от удмуртских хозяйств.,Ижевск,Удмуртская Республика,+7 (341) 240-40-47,meat@udmurtiya-myaso.ru,udmurtiya-myaso.ru,65000,руб,Свинина от 290 руб/кг,True,ГОСТ,Доставка по ПФО,"Ижевск, Пермь, Казань",https://udmurtiya-myaso.ru,manual,
ООО «НорильскОленина»,Мясо и птица,Поставки оленины и дичи из Заполярья оптом.,Норильск,Красноярский край,+7 (391) 220-41-48,venison@norilsk-olenina.ru,norilsk-olenina.ru,90000,руб,Оленина от 680 руб/кг,True,"ГОСТ, ветеринарные сертификаты",Доставка по РФ,"Норильск, Красноярск, Москва",https://norilsk-olenina.ru,manual,
ООО «БелгородМолоко»,Молочная продукция,Оптовые поставки молока и сливок от белгородских хозяйств.,Белгород,Белгородская область,+7 (472) 200-42-49,dairy@belgorod-moloko.ru,belgorod-moloko.ru,48000,руб,Сливки 20% от 120 руб/л,True,ГОСТ,Доставка по ЦФО,"Белгород, Курск, Воронеж",https://belgorod-moloko.ru,manual,
ООО «КостромаСыр»,Молочная продукция,Производство и поставка костромского сыра оптом.,Кострома,Костромская область,+7 (494) 280-43-50,cheese@kostroma-syr.ru,kostroma-syr.ru,55000,руб,Костромской сыр от 480 руб/кг,True,"ГОСТ, HACCP",Доставка по ЦФО,"Кострома, Ярославль, Москва",https://kostroma-syr.ru,manual,
ООО «АмурРыба»,Рыба и морепродукты,Поставки амурского карпа и щуки оптом.,Благовещенск,Амурская область,+7 (416) 260-44-51,fish@amur-ryba.ru,amur-ryba.ru,70000,руб,Карп от 160 руб/кг,True,ГОСТ,Доставка по ДВО,"Благовещенск, Хабаровск, Владивосток",https://amur-ryba.ru,manual,
ООО «КабардинаФрукт»,Фрукты и овощи,Поставки яблок груш и слив из Кабардино-Балкарии.,Нальчик,Кабардино-Балкарская Республика,+7 (866) 240-45-52,fruit@kabardina-frukt.ru,kabardina-frukt.ru,35000,руб,Яблоки от 60 руб/кг,False,,Доставка по СКФО и ЮФО,"Нальчик, Ставрополь, Ростов",https://kabardina-frukt.ru,manual,
ООО «ТольяттиКонсервы»,Консервы,Оптовые поставки овощных и рыбных консервов.,Тольятти,Самарская область,+7 (848) 220-46-53,canned@tolyatti-konservy.ru,tolyatti-konservy.ru,50000,руб,Консервы от 45 руб/банка,True,"ГОСТ, HACCP",Доставка по ПФО,"Тольятти, Самара, Ульяновск",https://tolyatti-konservy.ru,manual,
ООО «ЯкутияДичь»,Мясо и птица,Поставки якутской конины и оленины оптом.,Якутск,Республика Саха (Якутия),+7 (411) 200-47-54,game@yakutiya-dich.ru,yakutiya-dich.ru,100000,руб,Конина от 720 руб/кг,True,"ГОСТ, ветеринарные сертификаты",Доставка по ДВО и РФ,"Якутск, Хабаровск, Москва",https://yakutiya-dich.ru,manual,
ООО «СамараМасло»,Масложировая продукция,Оптовые поставки подсолнечного масла от завода.,Самара,Самарская область,+7 (846) 280-48-55,oil@samara-maslo.ru,samara-maslo.ru,75000,руб,Масло нерафинированное от 92 руб/л,True,ГОСТ,Доставка по ПФО,"Самара, Тольятти, Саратов",https://samara-maslo.ru,manual,
ООО «ИвановоТекстиль-Агро»,Фрукты и овощи,Поставки льна и технических культур оптом.,Иваново,Ивановская область,+7 (493) 260-49-56,agro@ivanovo-agro.ru,ivanovo-agro.ru,40000,руб,Лён от 38 руб/кг,False,,Доставка по ЦФО,"Иваново, Ярославль, Кострома",https://ivanovo-agro.ru,manual,
ООО «СахалинМорепродукты»,Рыба и морепродукты,Поставки морского ежа устриц и гребешка с Сахалина.,Южно-Сахалинск,Сахалинская область,+7 (424) 240-50-57,seafood@sakhalin-more.ru,sakhalin-more.ru,300000,руб,Морской ёж от 1800 руб/кг,True,"ГОСТ, MSC, HACCP",Доставка по РФ,"Южно-Сахалинск, Владивосток, Москва",https://sakhalin-more.ru,manual,
ООО «КалмыкияМясо»,Мясо и птица,Поставки халяльной говядины и баранины из Калмыкии.,Элиста,Республика Калмыкия,+7 (847) 220-51-58,halal@kalmykiya-myaso.ru,kalmykiya-myaso.ru,80000,руб,Баранина от 400 руб/кг,True,"ГОСТ, халяль сертификат",Доставка по ЮФО и СКФО,"Элиста, Астрахань, Ставрополь",https://kalmykiya-myaso.ru,manual,
ООО «КарелияЯгода»,Бакалея,Поставки замороженных ягод и лесных грибов из Карелии.,Петрозаводск,Республика Карелия,+7 (814) 200-52-59,berries@kareliya-yagoda.ru,kareliya-yagoda.ru,20000,руб,Черника от 350 руб/кг,True,ГОСТ,Доставка по СЗФО и РФ,"Петрозаводск, Петербург, Москва",https://kareliya-yagoda.ru,manual,
ООО «ОрловскоеЯблоко»,Фрукты и овощи,Поставки яблок различных сортов из садовых хозяйств.,Орёл,Орловская область,+7 (486) 280-53-60,apple@oryol-yabloko.ru,oryol-yabloko.ru,30000,руб,Яблоки от 50 руб/кг,False,,Доставка по ЦФО,"Орёл, Брянск, Курск",https://oryol-yabloko.ru,manual,
ООО «АдыгейскийСыр»,Молочная продукция,Производство и поставка адыгейского сыра оптом.,Майкоп,Республика Адыгея,+7 (877) 260-54-61,cheese@adygei-syr.ru,adygei-syr.ru,45000,руб,Адыгейский сыр от 370 руб/кг,True,"ГОСТ, HACCP",Доставка по ЮФО,"Майкоп, Краснодар, Ростов",https://adygei-syr.ru,manual,
ООО «ЧечняХалялМясо»,Мясо и птица,Поставки халяльного мяса и птицы из Чечни оптом.,Грозный,Чеченская Республика,+7 (871) 240-55-62,halal@chechnya-myaso.ru,chechnya-myaso.ru,70000,руб,Говядина халяль от 360 руб/кг,True,"ГОСТ, халяль сертификат",Доставка по СКФО и РФ,"Грозный, Махачкала, Москва",https://chechnya-myaso.ru,manual,
ООО «МариийЭлКрупа»,Бакалея,Поставки пшена и перловки от марийских хозяйств оптом.,Йошкар-Ола,Республика Марий Эл,+7 (836) 220-56-63,cereal@mari-krupa.ru,mari-krupa.ru,38000,руб,Пшено от 45 руб/кг,True,ГОСТ,Доставка по ПФО,"Йошкар-Ола, Казань, Чебоксары",https://mari-krupa.ru,manual,
ООО «ТываОленина»,Мясо и птица,Поставки оленины и яка из Тывы оптом.,Кызыл,Республика Тыва,+7 (394) 200-57-64,venison@tyva-olenina.ru,tyva-olenina.ru,80000,руб,Оленина от 700 руб/кг,True,"ГОСТ, ветеринарные сертификаты",Доставка по СФО,"Кызыл, Абакан, Красноярск",https://tyva-olenina.ru,manual,
ООО «КурганМолПром»,Молочная продукция,Оптовые поставки сухого молока и казеина.,Курган,Курганская область,+7 (352) 280-58-65,dry@kurgan-mol.ru,kurgan-mol.ru,100000,руб,Сухое молоко от 310 руб/кг,True,"ГОСТ, ISO 22000",Доставка по УФО,"Курган, Екатеринбург, Тюмень",https://kurgan-mol.ru,manual,
ООО «ЧукоткаМорепродукты»,Рыба и морепродукты,Поставки нерки чавычи и краба с Чукотки.,Анадырь,Чукотский автономный округ,+7 (427) 260-59-66,seafood@chukotka-more.ru,chukotka-more.ru,400000,руб,Нерка от 850 руб/кг,True,"ГОСТ, MSC",Доставка по РФ,"Анадырь, Магадан, Москва",https://chukotka-more.ru,manual,
ООО «КировМясо»,Мясо и птица,Поставки говядины и телятины от фермерских хозяйств Кирова.,Киров,Кировская область,+7 (833) 240-60-67,beef@kirov-myaso.ru,kirov-myaso.ru,60000,руб,Телятина от 420 руб/кг,True,"ГОСТ, ветеринарные сертификаты",Доставка по ПФО,"Киров, Пермь, Вятка",https://kirov-myaso.ru,manual,
ООО «МордовияКонсервы»,Консервы,Оптовые поставки мясных и овощных консервов от комбината.,Саранск,Республика Мордовия,+7 (834) 220-61-68,canned@mordoviya-konservy.ru,mordoviya-konservy.ru,55000,руб,Тушёнка от 185 руб/банка,True,"ГОСТ, HACCP",Доставка по ПФО,"Саранск, Пенза, Ульяновск",https://mordoviya-konservy.ru,manual,
ООО «ТульскоеМасло»,Масложировая продукция,Поставки горчичного и тыквенного масла оптом.,Тула,Тульская область,+7 (487) 200-62-69,oil@tula-maslo.ru,tula-maslo.ru,40000,руб,Горчичное масло от 145 руб/л,True,ГОСТ,Доставка по ЦФО,"Тула, Москва, Рязань",https://tula-maslo.ru,manual,
ООО «ОренбургПуховичок»,Бакалея,Поставки пшеницы и ячменя от оренбургских хозяйств.,Оренбург,Оренбургская область,+7 (353) 280-63-70,grain@orenburg-grain.ru,orenburg-grain.ru,90000,руб,Пшеница от 16 руб/кг,True,ГОСТ,Доставка по ПФО и УФО,"Оренбург, Уфа, Самара",https://orenburg-grain.ru,manual,
ООО «СтавропольЗлаки»,Бакалея,Оптовые поставки подсолнечника и кукурузы с юга.,Ставрополь,Ставропольский край,+7 (865) 260-64-71,grain@stavropol-zlaki.ru,stavropol-zlaki.ru,80000,руб,Кукуруза от 14 руб/кг,True,ГОСТ,Доставка по СКФО и ЮФО,"Ставрополь, Краснодар, Ростов",https://stavropol-zlaki.ru,manual,
ООО «КрымФрукт»,Фрукты и овощи,Поставки крымских персиков абрикосов и черешни оптом.,Симферополь,Республика Крым,+7 (365) 240-65-72,fruit@krym-frukt.ru,krym-frukt.ru,35000,руб,Персики от 120 руб/кг,False,,Доставка по ЮФО,"Симферополь, Севастополь, Краснодар",https://krym-frukt.ru,manual,
ООО «НовосибирскКондитер»,Кондитерские изделия,Оптовые поставки шоколадных конфет и карамели.,Новосибирск,Новосибирская область,+7 (383) 220-66-73,candy@novosibirsk-kond.ru,novosibirsk-kond.ru,40000,руб,Конфеты от 350 руб/кг,True,"ГОСТ, ISO 22000",Доставка по СФО,"Новосибирск, Омск, Томск",https://novosibirsk-kond.ru,manual,
ООО «БарнаулМолоко»,Молочная продукция,Поставки алтайского молока и творога оптом.,Барнаул,Алтайский край,+7 (385) 200-67-74,dairy@barnaul-moloko.ru,barnaul-moloko.ru,45000,руб,Молоко алтайское от 56 руб/л,True,ГОСТ,Доставка по СФО,"Барнаул, Новосибирск, Кемерово",https://barnaul-moloko.ru,manual,
ООО «МагаданРыба»,Рыба и морепродукты,Поставки кеты чира и нельмы с Колымы оптом.,Магадан,Магаданская область,+7 (413) 280-68-75,fish@magadan-ryba.ru,magadan-ryba.ru,180000,руб,Кета от 380 руб/кг,True,"ГОСТ, MSC",Доставка по ДВО и РФ,"Магадан, Хабаровск, Москва",https://magadan-ryba.ru,manual,
ООО «ПензаПтицефабрика»,Мясо и птица,Поставки куриного яйца и мяса птицы оптом.,Пенза,Пензенская область,+7 (841) 260-69-76,eggs@penza-ptitsa.ru,penza-ptitsa.ru,55000,руб,Яйца С1 от 7,5 руб/шт,True,ГОСТ,Доставка по ПФО,"Пенза, Саратов, Тамбов",https://penza-ptitsa.ru,manual,
ООО «ТверьМясо»,Мясо и птица,Оптовые поставки свинины и телятины от тверских ферм.,Тверь,Тверская область,+7 (482) 240-70-77,meat@tver-myaso.ru,tver-myaso.ru,60000,руб,Телятина от 410 руб/кг,True,"ГОСТ, ветеринарные сертификаты",Доставка по ЦФО,"Тверь, Москва, Ярославль",https://tver-myaso.ru,manual,
ООО «КировМука»,Бакалея,Поставки ржаной и цельнозерновой муки оптом.,Киров,Кировская область,+7 (833) 220-71-78,flour@kirov-muka.ru,kirov-muka.ru,50000,руб,Ржаная мука от 30 руб/кг,True,ГОСТ,Доставка по ПФО,"Киров, Пермь, Ижевск",https://kirov-muka.ru,manual,
ООО «АстраханьОвощи»,Фрукты и овощи,Поставки астраханских арбузов и дынь оптом.,Астрахань,Астраханская область,+7 (851) 200-72-79,melon@astrahan-ovoshi.ru,astrahan-ovoshi.ru,25000,руб,Арбузы от 18 руб/кг,False,,Доставка по ЮФО и ПФО,"Астрахань, Волгоград, Саратов",https://astrahan-ovoshi.ru,manual,
ООО «СибирьКонсервы»,Консервы,Оптовые поставки консервов из дикоросов и рыбы Сибири.,Томск,Томская область,+7 (382) 280-73-80,canned@sibir-konservy.ru,sibir-konservy.ru,40000,руб,Консервы из кедрача от 280 руб/банка,True,"ГОСТ, HACCP",Доставка по СФО и РФ,"Томск, Новосибирск, Омск",https://sibir-konservy.ru,manual,
ООО «ОмскЗерно»,Бакалея,Оптовые поставки зерна злаков и бобовых с Западной Сибири.,Омск,Омская область,+7 (381) 260-74-81,grain@omsk-zerno.ru,omsk-zerno.ru,100000,руб,Пшеница от 15 руб/кг,True,ГОСТ,Доставка по СФО,"Омск, Новосибирск, Барнаул",https://omsk-zerno.ru,manual,
ООО «ТатарстанМолоко»,Молочная продукция,Оптовые поставки молока катыка и корта от хозяйств Татарстана.,Казань,Республика Татарстан,+7 (843) 240-75-82,dairy@tatarstan-moloko.ru,tatarstan-moloko.ru,48000,руб,Катык от 80 руб/л,True,ГОСТ,Доставка по ПФО,"Казань, Набережные Челны, Нижний Новгород",https://tatarstan-moloko.ru,manual,
ООО «ВологдаМасло»,Масложировая продукция,Производство и поставка вологодского масла оптом.,Вологда,Вологодская область,+7 (817) 220-76-83,butter@vologda-maslo.ru,vologda-maslo.ru,60000,руб,Вологодское масло от 650 руб/кг,True,"ГОСТ, HACCP",Доставка по СЗФО,"Вологда, Петербург, Москва",https://vologda-maslo.ru,manual,
ООО «ИркутскЯгода»,Бакалея,Поставки байкальской брусники и клюквы оптом.,Иркутск,Иркутская область,+7 (395) 200-77-84,berries@irkutsk-yagoda.ru,irkutsk-yagoda.ru,18000,руб,Брусника от 420 руб/кг,True,ГОСТ,Доставка по СФО и РФ,"Иркутск, Улан-Удэ, Москва",https://irkutsk-yagoda.ru,manual,
ООО «ВоронежскиеСады»,Фрукты и овощи,Поставки яблок вишни и смородины из воронежских садов.,Воронеж,Воронежская область,+7 (473) 280-78-85,fruit@voronezh-sady.ru,voronezh-sady.ru,32000,руб,Вишня от 90 руб/кг,False,,Доставка по ЦФО,"Воронеж, Липецк, Тамбов",https://voronezh-sady.ru,manual,
ООО «ТюменьРыба»,Рыба и морепродукты,Поставки сибирской рыбы — муксун нельма стерлядь.,Тюмень,Тюменская область,+7 (345) 260-79-86,fish@tyumen-ryba.ru,tyumen-ryba.ru,90000,руб,Муксун от 620 руб/кг,True,"ГОСТ, ветеринарные сертификаты",Доставка по УФО и СФО,"Тюмень, Сургут, Екатеринбург",https://tyumen-ryba.ru,manual,
ООО «КалининградЯнтарьЗлаки»,Бакалея,Оптовые поставки рапса и тритикале с Балтики.,Калининград,Калининградская область,+7 (401) 240-80-87,grain@kalin-zlaki.ru,kalin-zlaki.ru,90000,руб,Рапс от 32 руб/кг,True,ГОСТ,Доставка по РФ,"Калининград, Псков, Петербург",https://kalin-zlaki.ru,manual,
ООО «ЙошкарОлаПтица»,Мясо и птица,Поставки гусятины и утятины от марийских птицеферм.,Йошкар-Ола,Республика Марий Эл,+7 (836) 220-81-88,duck@yoshkar-ptitsa.ru,yoshkar-ptitsa.ru,55000,руб,Утка от 235 руб/кг,True,ГОСТ,Доставка по ПФО,"Йошкар-Ола, Казань, Чебоксары",https://yoshkar-ptitsa.ru,manual,
ООО «РязаньОвощи»,Фрукты и овощи,Поставки тепличного перца и баклажана оптом.,Рязань,Рязанская область,+7 (491) 200-82-89,veg@ryazan-ovoshi.ru,ryazan-ovoshi.ru,28000,руб,Болгарский перец от 110 руб/кг,False,,Доставка по ЦФО,"Рязань, Москва, Тула",https://ryazan-ovoshi.ru,manual,
ООО «КамчаткаМорепродукты»,Рыба и морепродукты,Поставки гребешка икры и трепанга с Камчатки.,Петропавловск-Камчатский,Камчатский край,+7 (415) 280-83-90,seafood@kamchatka-more.ru,kamchatka-more.ru,350000,руб,Гребешок от 1600 руб/кг,True,"ГОСТ, MSC, HACCP",Доставка по РФ,"Камчатка, Владивосток, Москва",https://kamchatka-more.ru,manual,
ООО «КемеровоКондитер»,Кондитерские изделия,Оптовые поставки печенья и пряников от кузбасского завода.,Кемерово,Кемеровская область,+7 (384) 260-84-91,candy@kemerovo-kond.ru,kemerovo-kond.ru,35000,руб,Печенье от 180 руб/кг,True,ГОСТ,Доставка по СФО,"Кемерово, Новосибирск, Томск",https://kemerovo-kond.ru,manual,
ООО «АбаканОвощи»,Фрукты и овощи,Поставки помидоров и огурцов из хакасских теплиц.,Абакан,Республика Хакасия,+7 (390) 240-85-92,veg@abakan-ovoshi.ru,abakan-ovoshi.ru,22000,руб,Помидоры от 88 руб/кг,False,,Доставка по СФО,"Абакан, Кызыл, Красноярск",https://abakan-ovoshi.ru,manual,
ООО «ПермьМолоко»,Молочная продукция,Оптовые поставки молока кефира и варенца от пермских ферм.,Пермь,Пермский край,+7 (342) 220-86-93,dairy@perm-moloko.ru,perm-moloko.ru,42000,руб,Варенец от 72 руб/л,True,ГОСТ,Доставка по ПФО,"Пермь, Екатеринбург, Ижевск",https://perm-moloko.ru,manual,
ООО «ЭлистаОвцеводство»,Мясо и птица,Поставки молодой калмыцкой баранины оптом.,Элиста,Республика Калмыкия,+7 (847) 200-87-94,lamb@elista-ovtsevodstvo.ru,elista-ovtsevodstvo.ru,75000,руб,Ягнятина от 450 руб/кг,True,"ГОСТ, халяль сертификат",Доставка по ЮФО,"Элиста, Ростов, Волгоград",https://elista-ovtsevodstvo.ru,manual,
ООО «ВоронежМука»,Бакалея,Оптовые поставки муки в/с и отрубей от воронежских мелькомбинатов.,Воронеж,Воронежская область,+7 (473) 280-88-95,flour@voronezh-muka.ru,voronezh-muka.ru,70000,руб,Мука в/с от 33 руб/кг,True,ГОСТ,Доставка по ЦФО,"Воронеж, Белгород, Курск",https://voronezh-muka.ru,manual,
ООО «КабардаМёд»,Кондитерские изделия,Поставки горного мёда из Кабардино-Балкарии оптом.,Нальчик,Кабардино-Балкарская Республика,+7 (866) 260-89-96,honey@kabarda-med.ru,kabarda-med.ru,18000,руб,Горный мёд от 480 руб/кг,True,"ГОСТ, органический сертификат",Доставка по СКФО,"Нальчик, Ставрополь, Пятигорск",https://kabarda-med.ru,manual,
ООО «НенецкийАО-Рыба»,Рыба и морепродукты,Поставки северной семги и форели оптом.,Нарьян-Мар,Ненецкий автономный округ,+7 (818) 240-90-97,salmon@nenets-ryba.ru,nenets-ryba.ru,200000,руб,Семга от 780 руб/кг,True,"ГОСТ, MSC",Доставка по СЗФО и РФ,"Нарьян-Мар, Архангельск, Москва",https://nenets-ryba.ru,manual,
ООО «ВолгаМасло»,Масложировая продукция,Оптовые поставки горчичного масла волгоградского производства.,Волгоград,Волгоградская область,+7 (844) 220-91-98,oil@volga-maslo.ru,volga-maslo.ru,65000,руб,Горчичное масло от 140 руб/л,True,ГОСТ,Доставка по ЮФО,"Волгоград, Саратов, Астрахань",https://volga-maslo.ru,manual,
ООО «НижегородскийСыр»,Молочная продукция,Поставки нижегородских сыров и мягкого творога оптом.,Нижний Новгород,Нижегородская область,+7 (831) 200-92-99,cheese@nn-syr.ru,nn-syr.ru,50000,руб,Сыр нижегородский от 460 руб/кг,True,"ГОСТ, HACCP",Доставка по ПФО,"Нижний Новгород, Казань, Ижевск",https://nn-syr.ru,manual,
ООО «СвердловскКолбаса»,Мясо и птица,Поставки колбас и деликатесов уральского производства.,Екатеринбург,Свердловская область,+7 (343) 280-93-00,kolbasa@sverdlovsk-kol.ru,sverdlovsk-kol.ru,60000,руб,Колбаса с/к от 680 руб/кг,True,"ГОСТ, HACCP",Доставка по УФО,"Екатеринбург, Челябинск, Тюмень",https://sverdlovsk-kol.ru,manual,
ООО «КалугаМолПром»,Молочная продукция,Поставки питьевого йогурта и сметаны оптом.,Калуга,Калужская область,+7 (484) 260-94-01,dairy@kaluga-mol.ru,kaluga-mol.ru,42000,руб,Йогурт от 68 руб/л,True,ГОСТ,Доставка по ЦФО,"Калуга, Тула, Москва",https://kaluga-mol.ru,manual,
ООО «ДагестанОвощи»,Фрукты и овощи,Поставки чеснока репчатого лука и баклажанов оптом.,Махачкала,Республика Дагестан,+7 (872) 240-95-02,veg@dagestan-ovoshi.ru,dagestan-ovoshi.ru,28000,руб,Чеснок от 130 руб/кг,False,,Доставка по СКФО и ЮФО,"Махачкала, Ставрополь, Ростов",https://dagestan-ovoshi.ru,manual,
ООО «ХакасияЗерно»,Бакалея,Оптовые поставки ячменя и овса из Хакасии.,Абакан,Республика Хакасия,+7 (390) 220-96-03,grain@hakasiya-zerno.ru,hakasiya-zerno.ru,75000,руб,Ячмень от 13 руб/кг,True,ГОСТ,Доставка по СФО,"Абакан, Кызыл, Красноярск",https://hakasiya-zerno.ru,manual,
ООО «МоскваКондитер»,Кондитерские изделия,Оптовые поставки шоколадных изделий и мармелада столичного производства.,Москва,Московская область,+7 (495) 300-97-04,candy@moskva-kond.ru,moskva-kond.ru,60000,руб,Шоколадные конфеты от 400 руб/кг,True,"ГОСТ, ISO 22000, HACCP",Доставка по ЦФО,"Москва, МО, Тула, Тверь",https://moskva-kond.ru,manual,
ООО «БайкалРыба»,Рыба и морепродукты,Поставки омуля хариуса и байкальского сига оптом.,Иркутск,Иркутская область,+7 (395) 280-98-05,fish@baykal-ryba.ru,baykal-ryba.ru,100000,руб,Омуль от 590 руб/кг,True,ГОСТ,Доставка по СФО,"Иркутск, Улан-Удэ, Чита",https://baykal-ryba.ru,manual,
ООО «СтавропольМолоко»,Молочная продукция,Оптовые поставки молока и сметаны из Предкавказья.,Ставрополь,Ставропольский край,+7 (865) 260-99-06,dairy@stavropol-moloko.ru,stavropol-moloko.ru,44000,руб,Сметана 20% от 145 руб/кг,True,ГОСТ,Доставка по СКФО и ЮФО,"Ставрополь, Краснодар, Ростов",https://stavropol-moloko.ru,manual,
ООО «МарийЭлМёд»,Кондитерские изделия,Поставки луговых и лесных медов из Марий Эл оптом.,Йошкар-Ола,Республика Марий Эл,+7 (836) 240-00-07,honey@mari-med.ru,mari-med.ru,16000,руб,Мёд луговой от 380 руб/кг,True,ГОСТ,Доставка по ПФО,"Йошкар-Ола, Казань, Нижний Новгород",https://mari-med.ru,manual,
ООО «КрасноярскМясо»,Мясо и птица,Оптовые поставки свинины и субпродуктов из Красноярска.,Красноярск,Красноярский край,+7 (391) 220-01-08,pork@krasnoyarsk-myaso.ru,krasnoyarsk-myaso.ru,70000,руб,Свинина от 295 руб/кг,True,"ГОСТ, ветеринарные сертификаты",Доставка по СФО,"Красноярск, Ачинск, Канск",https://krasnoyarsk-myaso.ru,manual,
ООО «ПетербургРыба»,Рыба и морепродукты,Оптовые поставки рыбы балтийского и баренцевого промысла.,Санкт-Петербург,Санкт-Петербург,+7 (812) 200-02-09,fish@peterburg-ryba.ru,peterburg-ryba.ru,120000,руб,Форель от 460 руб/кг,True,"ГОСТ, HACCP",Доставка по СЗФО,"Петербург, Мурманск, Архангельск",https://peterburg-ryba.ru,manual,
ООО «ЮжноСахалинскКонсервы»,Консервы,Поставки рыбных консервов и пресервов с Сахалина.,Южно-Сахалинск,Сахалинская область,+7 (424) 280-03-10,canned@sakhalin-konservy.ru,sakhalin-konservy.ru,80000,руб,Консервы горбуша от 120 руб/банка,True,"ГОСТ, HACCP",Доставка по РФ,"Южно-Сахалинск, Владивосток, Москва",https://sakhalin-konservy.ru,manual,
ООО «ТверьОвощи»,Фрукты и овощи,Поставки капусты редьки и свёклы из тверских хозяйств.,Тверь,Тверская область,+7 (482) 260-04-11,veg@tver-ovoshi.ru,tver-ovoshi.ru,24000,руб,Свёкла от 20 руб/кг,False,,Доставка по ЦФО,"Тверь, Москва, Ярославль",https://tver-ovoshi.ru,manual,
ООО «СаратовКондитер»,Кондитерские изделия,Оптовые поставки вафель и зефира от поволжских предприятий.,Саратов,Саратовская область,+7 (845) 240-05-12,candy@saratov-kond.ru,saratov-kond.ru,38000,руб,Зефир от 280 руб/кг,True,ГОСТ,Доставка по ПФО,"Саратов, Самара, Ульяновск",https://saratov-kond.ru,manual,
ООО «МоскваМясо»,Мясо и птица,Оптовые поставки полуфабрикатов и фарша московских предприятий.,Москва,Московская область,+7 (495) 220-06-13,meat@moskva-myaso.ru,moskva-myaso.ru,100000,руб,Фарш свино-говяжий от 310 руб/кг,True,"ГОСТ, HACCP",Доставка по ЦФО,"Москва, МО, Тула, Рязань",https://moskva-myaso.ru,manual,
ООО «КировЯгода»,Бакалея,Поставки лесных ягод и трав из кировских угодий оптом.,Киров,Кировская область,+7 (833) 200-07-14,berries@kirov-yagoda.ru,kirov-yagoda.ru,15000,руб,Земляника от 550 руб/кг,True,ГОСТ,Доставка по ПФО и СЗФО,"Киров, Пермь, Петербург",https://kirov-yagoda.ru,manual,
ООО «ПриморьеМорепродукты»,Рыба и морепродукты,Поставки трепанга мидии и кукумарии из Приморья.,Владивосток,Приморский край,+7 (423) 280-08-15,seafood@primorye-more.ru,primorye-more.ru,280000,руб,Трепанг от 4500 руб/кг,True,"ГОСТ, MSC, HACCP",Доставка по РФ,"Владивосток, Хабаровск, Москва",https://primorye-more.ru,manual,
ООО «НовосибирскМолоко»,Молочная продукция,Оптовые поставки пастеризованного молока и сыворотки.,Новосибирск,Новосибирская область,+7 (383) 260-09-16,dairy@novosibirsk-moloko.ru,novosibirsk-moloko.ru,46000,руб,Молоко от 53 руб/л,True,ГОСТ,Доставка по СФО,"Новосибирск, Омск, Барнаул",https://novosibirsk-moloko.ru,manual,
ООО «КаспийскаяРыба»,Рыба и морепродукты,Поставки каспийской кильки и осетрины оптом.,Астрахань,Астраханская область,+7 (851) 240-10-17,fish@kaspiy-ryba.ru,kaspiy-ryba.ru,100000,руб,Осетрина от 1100 руб/кг,True,"ГОСТ, HACCP",Доставка по ЮФО,"Астрахань, Волгоград, Ростов",https://kaspiy-ryba.ru,manual,
ООО «КраснодарКондитер»,Кондитерские изделия,Оптовые поставки кубанских конфет и шоколада.,Краснодар,Краснодарский край,+7 (861) 220-11-18,candy@krasnodar-kond.ru,krasnodar-kond.ru,45000,руб,Конфеты от 380 руб/кг,True,"ГОСТ, ISO 22000",Доставка по ЮФО,"Краснодар, Ростов, Ставрополь",https://krasnodar-kond.ru,manual,
ООО «ЯмалОленина»,Мясо и птица,Поставки ямальской оленины и северной птицы оптом.,Салехард,Ямало-Ненецкий автономный округ,+7 (349) 200-12-19,venison@yamal-olenina.ru,yamal-olenina.ru,110000,руб,Оленина от 750 руб/кг,True,"ГОСТ, ветеринарные сертификаты",Доставка по УФО и РФ,"Салехард, Тюмень, Москва",https://yamal-olenina.ru,manual,
ООО «ВолгоградСахар»,Бакалея,Поставки сахара-песка и мелассы с поволжских заводов.,Волгоград,Волгоградская область,+7 (844) 280-13-20,sugar@volgograd-sakhar.ru,volgograd-sakhar.ru,95000,руб,Сахар-песок от 61 руб/кг,True,ГОСТ,Доставка по ЮФО,"Волгоград, Саратов, Ростов",https://volgograd-sakhar.ru,manual,
ООО «МурманскТреска»,Рыба и морепродукты,Поставки свежей и мороженой трески с Баренцева моря.,Мурманск,Мурманская область,+7 (815) 260-14-21,cod@murmansk-treska.ru,murmansk-treska.ru,130000,руб,Треска от 270 руб/кг,True,"ГОСТ, MSC, HACCP",Доставка по СЗФО и РФ,"Мурманск, Архангельск, Петербург",https://murmansk-treska.ru,manual,
ООО «ОрёлМолоко»,Молочная продукция,Поставки молока и сливочного сыра из орловских хозяйств.,Орёл,Орловская область,+7 (486) 240-15-22,dairy@orel-moloko.ru,orel-moloko.ru,40000,руб,Молоко от 53 руб/л,True,ГОСТ,Доставка по ЦФО,"Орёл, Курск, Брянск",https://orel-moloko.ru,manual,
ООО «РостовСвинина»,Мясо и птица,Оптовые поставки ростовской свинины и сала.,Ростов-на-Дону,Ростовская область,+7 (863) 220-16-23,pork@rostov-svinina.ru,rostov-svinina.ru,72000,руб,Свинина от 280 руб/кг,True,"ГОСТ, ветеринарные сертификаты",Доставка по ЮФО,"Ростов, Краснодар, Волгоград",https://rostov-svinina.ru,manual,
ООО «ВладивостокКальмар»,Рыба и морепродукты,Поставки кальмара минтая и терпуга с Тихого океана.,Владивосток,Приморский край,+7 (423) 200-17-24,squid@vladivostok-kalmar.ru,vladivostok-kalmar.ru,160000,руб,Кальмар от 220 руб/кг,True,"ГОСТ, MSC",Доставка по РФ,"Владивосток, Хабаровск, Москва",https://vladivostok-kalmar.ru,manual,
ООО «УральскийКондитер»,Кондитерские изделия,Поставки уральских пряников и карамели оптом.,Екатеринбург,Свердловская область,+7 (343) 280-18-25,candy@ural-kond.ru,ural-kond.ru,40000,руб,Карамель от 240 руб/кг,True,ГОСТ,Доставка по УФО,"Екатеринбург, Челябинск, Пермь",https://ural-kond.ru,manual,
ООО «ПензаМасло»,Масложировая продукция,Оптовые поставки подсолнечного и соевого масла.,Пенза,Пензенская область,+7 (841) 260-19-26,oil@penza-maslo.ru,penza-maslo.ru,65000,руб,Соевое масло от 98 руб/л,True,ГОСТ,Доставка по ПФО,"Пенза, Саратов, Ульяновск",https://penza-maslo.ru,manual,
ООО «ДагестанМёд»,Кондитерские изделия,Поставки горного дагестанского мёда оптом.,Дербент,Республика Дагестан,+7 (872) 240-20-27,honey@dagestan-med.ru,dagestan-med.ru,16000,руб,Горный мёд от 520 руб/кг,True,"ГОСТ, органический сертификат",Доставка по СКФО,"Дербент, Махачкала, Ставрополь",https://dagestan-med.ru,manual,
ООО «ПетербургКондитер»,Кондитерские изделия,Оптовые поставки петербургских тортов и пирожных.,Санкт-Петербург,Санкт-Петербург,+7 (812) 220-21-28,cake@peterburg-kond.ru,peterburg-kond.ru,50000,руб,Торты от 560 руб/кг,True,"ГОСТ, HACCP",Доставка по СЗФО,"Петербург, Новгород, Псков",https://peterburg-kond.ru,manual,
ООО «БашкортостанКрупа»,Бакалея,Поставки полбы и спельты от башкирских хозяйств.,Уфа,Республика Башкортостан,+7 (347) 200-22-29,cereal@bashkortostan-krupa.ru,bashkortostan-krupa.ru,40000,руб,Полба от 85 руб/кг,True,ГОСТ,Доставка по ПФО,"Уфа, Оренбург, Казань",https://bashkortostan-krupa.ru,manual,
ООО «ОмскПтица»,Мясо и птица,Поставки цесарки и перепела от омских птицеферм.,Омск,Омская область,+7 (381) 280-23-30,poultry@omsk-ptitsa.ru,omsk-ptitsa.ru,45000,руб,Цесарка от 310 руб/кг,True,ГОСТ,Доставка по СФО,"Омск, Новосибирск, Тюмень",https://omsk-ptitsa.ru,manual,
ООО «ВолгаКонсервы»,Консервы,Оптовые поставки рыбных и мясных консервов поволжских заводов.,Самара,Самарская область,+7 (846) 260-24-31,canned@volga-konservy.ru,volga-konservy.ru,55000,руб,Консервы рыбные от 55 руб/банка,True,"ГОСТ, HACCP",Доставка по ПФО,"Самара, Тольятти, Саратов",https://volga-konservy.ru,manual,
ООО «НальчикМасло»,Масложировая продукция,Поставки кукурузного масла холодного отжима оптом.,Нальчик,Кабардино-Балкарская Республика,+7 (866) 240-25-32,oil@nalchik-maslo.ru,nalchik-maslo.ru,50000,руб,Кукурузное масло от 130 руб/л,True,ГОСТ,Доставка по СКФО и ЮФО,"Нальчик, Ставрополь, Краснодар",https://nalchik-maslo.ru,manual,
ООО «БелгородПтица»,Мясо и птица,Поставки куриного мяса и яиц от белгородских птицефабрик.,Белгород,Белгородская область,+7 (472) 220-26-33,poultry@belgorod-ptitsa.ru,belgorod-ptitsa.ru,70000,руб,Курица от 180 руб/кг,True,"ГОСТ, ветеринарные сертификаты",Доставка по ЦФО,"Белгород, Воронеж, Курск",https://belgorod-ptitsa.ru,manual,
ООО «ТюменьЗерно»,Бакалея,Поставки пшеницы ячменя и сои от западносибирских хозяйств.,Тюмень,Тюменская область,+7 (345) 200-27-34,grain@tyumen-zerno.ru,tyumen-zerno.ru,100000,руб,Соя от 28 руб/кг,True,ГОСТ,Доставка по УФО и СФО,"Тюмень, Омск, Екатеринбург",https://tyumen-zerno.ru,manual,
ООО «ВладимирОвощи»,Фрукты и овощи,Поставки капусты моркови и лука из владимирских хозяйств.,Владимир,Владимирская область,+7 (492) 280-28-35,veg@vladimir-ovoshi.ru,vladimir-ovoshi.ru,22000,руб,Лук репчатый от 22 руб/кг,False,,Доставка по ЦФО,"Владимир, Москва, Иваново",https://vladimir-ovoshi.ru,manual,
ООО «ЧелябинскМясо»,Мясо и птица,Поставки говядины и конины от уральских хозяйств.,Челябинск,Челябинская область,+7 (351) 260-29-36,beef@chelyabinsk-myaso.ru,chelyabinsk-myaso.ru,70000,руб,Говядина от 335 руб/кг,True,"ГОСТ, ветеринарные сертификаты",Доставка по УФО,"Челябинск, Екатеринбург, Магнитогорск",https://chelyabinsk-myaso.ru,manual,
ООО «КарелияРыба»,Рыба и морепродукты,Поставки онежской форели и ряпушки оптом.,Петрозаводск,Республика Карелия,+7 (814) 240-30-37,fish@kareliya-ryba.ru,kareliya-ryba.ru,90000,руб,Форель от 480 руб/кг,True,"ГОСТ, MSC",Доставка по СЗФО,"Петрозаводск, Мурманск, Петербург",https://kareliya-ryba.ru,manual,
ООО «НижегородскийХладокомбинат»,Консервы,Поставки мороженого и замороженных десертов оптом.,Нижний Новгород,Нижегородская область,+7 (831) 220-31-38,ice@nn-hlado.ru,nn-hlado.ru,65000,руб,Мороженое от 120 руб/кг,True,"ГОСТ, HACCP",Доставка по ПФО,"Нижний Новгород, Казань, Чебоксары",https://nn-hlado.ru,manual,
ООО «АлтайЗерно»,Бакалея,Поставки алтайской гречихи пшеницы и льна оптом.,Барнаул,Алтайский край,+7 (385) 200-32-39,grain@altaj-zerno.ru,altaj-zerno.ru,90000,руб,Гречиха от 18 руб/кг,True,ГОСТ,Доставка по СФО,"Барнаул, Новосибирск, Кемерово",https://altaj-zerno.ru,manual,
ООО «ТамбовМясо»,Мясо и птица,Поставки свинины и тамбовского окорока оптом.,Тамбов,Тамбовская область,+7 (475) 280-33-40,pork@tambov-myaso.ru,tambov-myaso.ru,70000,руб,Тамбовский окорок от 380 руб/кг,True,"ГОСТ, ветеринарные сертификаты",Доставка по ЦФО,"Тамбов, Воронеж, Пенза",https://tambov-myaso.ru,manual,
ООО «КировМолПром»,Молочная продукция,Поставки сгущённого молока и консервированных сливок.,Киров,Кировская область,+7 (833) 260-34-41,condensed@kirov-molprom.ru,kirov-molprom.ru,80000,руб,Сгущёнка от 85 руб/банка,True,"ГОСТ, HACCP",Доставка по ПФО,"Киров, Ижевск, Пермь",https://kirov-molprom.ru,manual,
ООО «ВологдаОвощи»,Фрукты и овощи,Поставки тепличной зелени и редиса из Вологды оптом.,Вологда,Вологодская область,+7 (817) 240-35-42,green@vologda-ovoshi.ru,vologda-ovoshi.ru,20000,руб,Зелень пучковая от 35 руб/пучок,False,,Доставка по СЗФО,"Вологда, Петербург, Архангельск",https://vologda-ovoshi.ru,manual,
ООО «ЧукоткаОленина»,Мясо и птица,Поставки чукотской оленины и морской птицы оптом.,Анадырь,Чукотский автономный округ,+7 (427) 220-36-43,venison@chukotka-olenina.ru,chukotka-olenina.ru,150000,руб,Оленина от 800 руб/кг,True,"ГОСТ, ветеринарные сертификаты",Доставка по ДВО и РФ,"Анадырь, Магадан, Москва",https://chukotka-olenina.ru,manual,
ООО «СаратовЗерно»,Бакалея,Оптовые поставки подсолнечника и ячменя поволжского производства.,Саратов,Саратовская область,+7 (845) 200-37-44,grain@saratov-zerno.ru,saratov-zerno.ru,85000,руб,Подсолнечник от 26 руб/кг,True,ГОСТ,Доставка по ПФО,"Саратов, Самара, Волгоград",https://saratov-zerno.ru,manual,
ООО «МоскваРыба»,Рыба и морепродукты,Оптовые поставки импортной семги форели и тунца.,Москва,Московская область,+7 (495) 280-38-45,fish@moskva-ryba.ru,moskva-ryba.ru,200000,руб,Тунец от 680 руб/кг,True,"ГОСТ, HACCP, ISO 22000",Доставка по ЦФО,"Москва, МО, Тула, Рязань",https://moskva-ryba.ru,manual,
ООО «КраснодарМасло»,Масложировая продукция,Производство и поставка нерафинированного подсолнечного масла.,Краснодар,Краснодарский край,+7 (861) 260-39-46,oil@krasnodar-maslo.ru,krasnodar-maslo.ru,90000,руб,Масло нерафинированное от 90 руб/л,True,ГОСТ,Доставка по ЮФО,"Краснодар, Ростов, Волгоград",https://krasnodar-maslo.ru,manual,
ООО «СибирьХлеб»,Хлеб и выпечка,Поставки хлеба и выпечки сибирского производства оптом.,Красноярск,Красноярский край,+7 (391) 240-40-47,bread@sibir-hleb.ru,sibir-hleb.ru,30000,руб,Хлеб бородинский от 22 руб/шт,True,ГОСТ,Ежедневная доставка по СФО,"Красноярск, Ачинск, Минусинск",https://sibir-hleb.ru,manual,
ООО «ТатарстанМёд»,Кондитерские изделия,Поставки башкирского и татарского мёда оптом.,Казань,Республика Татарстан,+7 (843) 220-41-48,honey@tatarstan-med.ru,tatarstan-med.ru,18000,руб,Мёд гречишный от 420 руб/кг,True,ГОСТ,Доставка по ПФО,"Казань, Уфа, Нижний Новгород",https://tatarstan-med.ru,manual,
ООО «НовороссийскОвощи»,Фрукты и овощи,Поставки ранних кубанских овощей оптом.,Новороссийск,Краснодарский край,+7 (861) 200-42-49,veg@novor-ovoshi.ru,novor-ovoshi.ru,28000,руб,Ранний картофель от 48 руб/кг,False,,Доставка по ЮФО,"Новороссийск, Анапа, Краснодар",https://novor-ovoshi.ru,manual,
ООО «ЕкатеринбургМолоко»,Молочная продукция,Оптовые поставки молока кефира и биойогурта.,Екатеринбург,Свердловская область,+7 (343) 280-43-50,dairy@ekaterinburg-moloko.ru,ekaterinburg-moloko.ru,45000,руб,Биойогурт от 72 руб/л,True,"ГОСТ, HACCP",Доставка по УФО,"Екатеринбург, Тюмень, Пермь",https://ekaterinburg-moloko.ru,manual,
ООО «ИркутскМясо»,Мясо и птица,Поставки говядины свинины и конины из Иркутска оптом.,Иркутск,Иркутская область,+7 (395) 260-44-51,meat@irkutsk-myaso.ru,irkutsk-myaso.ru,65000,руб,Говядина от 325 руб/кг,True,"ГОСТ, ветеринарные сертификаты",Доставка по СФО,"Иркутск, Улан-Удэ, Чита",https://irkutsk-myaso.ru,manual,
ООО «ВолгоградОвощи»,Фрукты и овощи,Поставки помидоров перца и кабачков с Поволжья оптом.,Волгоград,Волгоградская область,+7 (844) 240-45-52,veg@volgograd-ovoshi.ru,volgograd-ovoshi.ru,28000,руб,Кабачки от 38 руб/кг,False,,Доставка по ЮФО,"Волгоград, Астрахань, Саратов",https://volgograd-ovoshi.ru,manual,
ООО «СибирьКондитер»,Кондитерские изделия,Поставки сибирских конфет с кедровым орехом и облепихой.,Новосибирск,Новосибирская область,+7 (383) 220-46-53,candy@sibir-kond.ru,sibir-kond.ru,35000,руб,Конфеты с кедром от 420 руб/кг,True,"ГОСТ, ISO 22000",Доставка по СФО и РФ,"Новосибирск, Омск, Томск",https://sibir-kond.ru,manual,
ООО «ЯрославльМясо»,Мясо и птица,Поставки ярославской говядины и ягнятины оптом.,Ярославль,Ярославская область,+7 (485) 200-47-54,beef@yaroslavl-myaso.ru,yaroslavl-myaso.ru,60000,руб,Ягнятина от 430 руб/кг,True,"ГОСТ, ветеринарные сертификаты",Доставка по ЦФО,"Ярославль, Кострома, Вологда",https://yaroslavl-myaso.ru,manual,
ООО «ТомскМолоко»,Молочная продукция,Поставки молока сыра и масла от томских хозяйств оптом.,Томск,Томская область,+7 (382) 280-48-55,dairy@tomsk-moloko.ru,tomsk-moloko.ru,42000,руб,Масло сливочное от 590 руб/кг,True,ГОСТ,Доставка по СФО,"Томск, Кемерово, Новосибирск",https://tomsk-moloko.ru,manual,
ООО «МоскваОвощи»,Фрукты и овощи,Поставки тепличных помидоров и огурцов подмосковного производства.,Москва,Московская область,+7 (495) 260-49-56,veg@moskva-ovoshi.ru,moskva-ovoshi.ru,40000,руб,Огурцы тепличные от 80 руб/кг,True,"ГОСТ, GlobalGAP",Доставка по ЦФО,"Москва, МО, Тверь, Рязань",https://moskva-ovoshi.ru,manual,
ООО «ДальнийВостокЗерно»,Бакалея,Поставки сои и кукурузы с дальневосточных хозяйств оптом.,Хабаровск,Хабаровский край,+7 (421) 240-50-57,grain@dv-zerno.ru,dv-zerno.ru,90000,руб,Соя от 30 руб/кг,True,ГОСТ,Доставка по ДВО,"Хабаровск, Владивосток, Благовещенск",https://dv-zerno.ru,manual,
ООО «КраснодарХлеб»,Хлеб и выпечка,Поставки кубанского хлеба и слоёных изделий оптом.,Краснодар,Краснодарский край,+7 (861) 220-51-58,bread@krasnodar-hleb.ru,krasnodar-hleb.ru,32000,руб,Хлеб пшеничный от 20 руб/шт,True,ГОСТ,Ежедневная доставка по ЮФО,"Краснодар, Ростов, Ставрополь",https://krasnodar-hleb.ru,manual,
ООО «РостовЗерно»,Бакалея,Оптовые поставки донской пшеницы и ячменя.,Ростов-на-Дону,Ростовская область,+7 (863) 200-52-59,grain@rostov-zerno.ru,rostov-zerno.ru,100000,руб,Пшеница 3 кл от 17 руб/кг,True,ГОСТ,Доставка по ЮФО,"Ростов, Краснодар, Волгоград",https://rostov-zerno.ru,manual,
ООО «УфаМасло»,Масложировая продукция,Поставки рапсового масла холодного отжима оптом.,Уфа,Республика Башкортостан,+7 (347) 280-53-60,oil@ufa-maslo.ru,ufa-maslo.ru,60000,руб,Рапсовое масло от 105 руб/л,True,ГОСТ,Доставка по ПФО,"Уфа, Оренбург, Казань",https://ufa-maslo.ru,manual,
ООО «ВладивостокКонсервы»,Консервы,Поставки консервов из дальневосточной рыбы и морепродуктов.,Владивосток,Приморский край,+7 (423) 260-54-61,canned@vladivostok-konservy.ru,vladivostok-konservy.ru,70000,руб,Консервы краб от 250 руб/банка,True,"ГОСТ, HACCP",Доставка по РФ,"Владивосток, Хабаровск, Москва",https://vladivostok-konservy.ru,manual,
ООО «КурскМясо»,Мясо и птица,Поставки курского мяса птицы и полуфабрикатов оптом.,Курск,Курская область,+7 (471) 240-55-62,poultry@kursk-myaso.ru,kursk-myaso.ru,60000,руб,Полуфабрикаты куриные от 200 руб/кг,True,"ГОСТ, ветеринарные сертификаты",Доставка по ЦФО,"Курск, Белгород, Орёл",https://kursk-myaso.ru,manual,
ООО «НарьянМарРыба»,Рыба и морепродукты,Поставки ненецкого муксуна и сига оптом.,Нарьян-Мар,Ненецкий автономный округ,+7 (818) 220-56-63,fish@naryanmar-ryba.ru,naryanmar-ryba.ru,140000,руб,Муксун от 650 руб/кг,True,ГОСТ,Доставка по СЗФО и РФ,"Нарьян-Мар, Архангельск, Петербург",https://naryanmar-ryba.ru,manual,
ООО «ПриволжьеМолоко»,Молочная продукция,Поставки поволжского молока сыворотки и простокваши оптом.,Самара,Самарская область,+7 (846) 200-57-64,dairy@privolzhe-moloko.ru,privolzhe-moloko.ru,44000,руб,Простокваша от 62 руб/л,True,ГОСТ,Доставка по ПФО,"Самара, Саратов, Ульяновск",https://privolzhe-moloko.ru,manual,
ООО «ТюменьКондитер»,Кондитерские изделия,Поставки тюменских конфет и пряников оптом.,Тюмень,Тюменская область,+7 (345) 280-58-65,candy@tyumen-kond.ru,tyumen-kond.ru,35000,руб,Пряники тюменские от 200 руб/кг,True,ГОСТ,Доставка по УФО,"Тюмень, Екатеринбург, Сургут",https://tyumen-kond.ru,manual,
ООО «СургутЗерно»,Бакалея,Поставки зерна и комбикормов для нужд ХМАО.,Сургут,Ханты-Мансийский автономный округ,+7 (346) 260-59-66,grain@surgut-zerno.ru,surgut-zerno.ru,80000,руб,Комбикорм от 24 руб/кг,True,ГОСТ,Доставка по УФО,"Сургут, Тюмень, Екатеринбург",https://surgut-zerno.ru,manual,
ООО «ПетербургМолоко»,Молочная продукция,Оптовые поставки молока сыра и масла петербургского производства.,Санкт-Петербург,Санкт-Петербург,+7 (812) 240-60-67,dairy@peterburg-moloko.ru,peterburg-moloko.ru,50000,руб,Сыр от 440 руб/кг,True,"ГОСТ, HACCP",Доставка по СЗФО,"Петербург, Псков, Новгород",https://peterburg-moloko.ru,manual,
ООО «ОрловскаяОблМясо»,Мясо и птица,Поставки орловской говядины и полуфабрикатов оптом.,Орёл,Орловская область,+7 (486) 220-61-68,beef@orel-myaso.ru,orel-myaso.ru,65000,руб,Говядина от 330 руб/кг,True,"ГОСТ, ветеринарные сертификаты",Доставка по ЦФО,"Орёл, Тула, Брянск",https://orel-myaso.ru,manual,
ООО «ВоронежМасло»,Масложировая продукция,Поставки подсолнечного масла воронежского производства.,Воронеж,Воронежская область,+7 (473) 200-62-69,oil@voronezh-maslo.ru,voronezh-maslo.ru,70000,руб,Масло рафинированное от 90 руб/л,True,ГОСТ,Доставка по ЦФО и ЮФО,"Воронеж, Белгород, Ростов",https://voronezh-maslo.ru,manual,
ООО «АлтайМука»,Бакалея,Поставки алтайской муки в/с и цельнозерновой оптом.,Барнаул,Алтайский край,+7 (385) 280-63-70,flour@altaj-muka.ru,altaj-muka.ru,65000,руб,Мука алтайская от 34 руб/кг,True,ГОСТ,Доставка по СФО,"Барнаул, Новосибирск, Омск",https://altaj-muka.ru,manual,
ООО «ЧелябинскМолПром»,Молочная продукция,Поставки молока и кефира от уральских хозяйств оптом.,Челябинск,Челябинская область,+7 (351) 260-64-71,dairy@chelyabinsk-mol.ru,chelyabinsk-mol.ru,44000,руб,Кефир от 58 руб/л,True,ГОСТ,Доставка по УФО,"Челябинск, Екатеринбург, Магнитогорск",https://chelyabinsk-mol.ru,manual,
ООО «ХабаровскКонсервы»,Консервы,Поставки консервов из дикорастущих ягод и рыбы Хабаровска.,Хабаровск,Хабаровский край,+7 (421) 240-65-72,canned@habarovsk-konservy.ru,habarovsk-konservy.ru,60000,руб,Варенье из дикоросов от 320 руб/банка,True,"ГОСТ, HACCP",Доставка по ДВО,"Хабаровск, Владивосток, Благовещенск",https://habarovsk-konservy.ru,manual,
ООО «ПетрозаводскМолоко»,Молочная продукция,Поставки карельского молока и творога оптом.,Петрозаводск,Республика Карелия,+7 (814) 220-66-73,dairy@petrozavodsk-moloko.ru,petrozavodsk-moloko.ru,38000,руб,Творог от 270 руб/кг,True,ГОСТ,Доставка по СЗФО,"Петрозаводск, Мурманск, Петербург",https://petrozavodsk-moloko.ru,manual,
ООО «СтавропольКонсервы»,Консервы,Поставки томатных и фруктовых консервов со Ставрополя.,Ставрополь,Ставропольский край,+7 (865) 200-67-74,canned@stavropol-konservy.ru,stavropol-konservy.ru,45000,руб,Томатная паста от 65 руб/банка,True,"ГОСТ, HACCP",Доставка по СКФО и ЮФО,"Ставрополь, Краснодар, Ростов",https://stavropol-konservy.ru,manual,
ООО «МагнитогорскЗерно»,Бакалея,Оптовые поставки зерна и комбикормов с Урала.,Магнитогорск,Челябинская область,+7 (351) 280-68-75,grain@magnitogorsk-zerno.ru,magnitogorsk-zerno.ru,80000,руб,Пшеница от 16 руб/кг,True,ГОСТ,Доставка по УФО,"Магнитогорск, Челябинск, Уфа",https://magnitogorsk-zerno.ru,manual,
ООО «ЯрославльМолоко»,Молочная продукция,Поставки молока и сливочного масла от ярославских ферм.,Ярославль,Ярославская область,+7 (485) 260-69-76,dairy@yaroslavl-moloko.ru,yaroslavl-moloko.ru,44000,руб,Масло 72,5% от 560 руб/кг,True,ГОСТ,Доставка по ЦФО,"Ярославль, Кострома, Иваново",https://yaroslavl-moloko.ru,manual,
ООО «КраснодарПтица»,Мясо и птица,Поставки кубанской утки и гуся оптом.,Краснодар,Краснодарский край,+7 (861) 240-70-77,duck@krasnodar-ptitsa.ru,krasnodar-ptitsa.ru,65000,руб,Утка от 240 руб/кг,True,"ГОСТ, ветеринарные сертификаты",Доставка по ЮФО,"Краснодар, Ростов, Ставрополь",https://krasnodar-ptitsa.ru,manual,
ООО «ТомскКондитер»,Кондитерские изделия,Поставки конфет с сибирскими ягодами и кедром оптом.,Томск,Томская область,+7 (382) 220-71-78,candy@tomsk-kond.ru,tomsk-kond.ru,32000,руб,Конфеты с облепихой от 400 руб/кг,True,"ГОСТ, ISO 22000",Доставка по СФО,"Томск, Новосибирск, Кемерово",https://tomsk-kond.ru,manual,
ООО «КалининградМолоко»,Молочная продукция,Поставки балтийского молока и творога оптом.,Калининград,Калининградская область,+7 (401) 200-72-79,dairy@kaliningrad-moloko.ru,kaliningrad-moloko.ru,40000,руб,Творог от 265 руб/кг,True,ГОСТ,Доставка по СЗФО,"Калининград, Псков, Петербург",https://kaliningrad-moloko.ru,manual,
ООО «ОмскМясо»,Мясо и птица,Поставки омской говядины и свинины оптом.,Омск,Омская область,+7 (381) 280-73-80,meat@omsk-myaso.ru,omsk-myaso.ru,70000,руб,Свинина от 285 руб/кг,True,"ГОСТ, ветеринарные сертификаты",Доставка по СФО,"Омск, Новосибирск, Тюмень",https://omsk-myaso.ru,manual,
ООО «ВоронежПтица»,Мясо и птица,Поставки куриного мяса и яиц воронежского производства.,Воронеж,Воронежская область,+7 (473) 260-74-81,poultry@voronezh-ptitsa.ru,voronezh-ptitsa.ru,70000,руб,Яйца СО от 8,5 руб/шт,True,"ГОСТ, ветеринарные сертификаты",Доставка по ЦФО,"Воронеж, Белгород, Тамбов",https://voronezh-ptitsa.ru,manual,
ООО «ИжевскМолоко»,Молочная продукция,Поставки удмуртского молока и биокефира оптом.,Ижевск,Удмуртская Республика,+7 (341) 240-75-82,dairy@izhevsk-moloko.ru,izhevsk-moloko.ru,42000,руб,Биокефир от 60 руб/л,True,ГОСТ,Доставка по ПФО,"Ижевск, Пермь, Казань",https://izhevsk-moloko.ru,manual,
ООО «ЮжноСахалинскРыба»,Рыба и морепродукты,Поставки нерки кижуча и горбуши оптом.,Южно-Сахалинск,Сахалинская область,+7 (424) 220-76-83,salmon@sakhalin-ryba.ru,sakhalin-ryba.ru,150000,руб,Нерка от 870 руб/кг,True,"ГОСТ, MSC, HACCP",Доставка по РФ,"Южно-Сахалинск, Владивосток, Москва",https://sakhalin-ryba.ru,manual,
ООО «ПензаЗерно»,Бакалея,Поставки пензенской пшеницы и ячменя оптом.,Пенза,Пензенская область,+7 (841) 200-77-84,grain@penza-zerno.ru,penza-zerno.ru,85000,руб,Ячмень от 14 руб/кг,True,ГОСТ,Доставка по ПФО,"Пенза, Саратов, Ульяновск",https://penza-zerno.ru,manual,
ООО «НовгородМолоко»,Молочная продукция,Поставки новгородского молока и сливочного сыра оптом.,Великий Новгород,Новгородская область,+7 (816) 280-78-85,dairy@novgorod-moloko.ru,novgorod-moloko.ru,40000,руб,Молоко от 52 руб/л,True,ГОСТ,Доставка по СЗФО,"Новгород, Псков, Петербург",https://novgorod-moloko.ru,manual,
ООО «КалининградПтица»,Мясо и птица,Поставки балтийской курицы и индейки оптом.,Калининград,Калининградская область,+7 (401) 260-79-86,poultry@kaliningrad-ptitsa.ru,kaliningrad-ptitsa.ru,60000,руб,Индейка от 215 руб/кг,True,"ГОСТ, ветеринарные сертификаты",Доставка по СЗФО,"Калининград, Псков, Петербург",https://kaliningrad-ptitsa.ru,manual,
ООО «СибирьОвощи»,Фрукты и овощи,Поставки сибирских овощей — капусты репы и брюквы оптом.,Томск,Томская область,+7 (382) 240-80-87,veg@sibir-ovoshi.ru,sibir-ovoshi.ru,22000,руб,Репа от 28 руб/кг,False,,Доставка по СФО,"Томск, Кемерово, Новосибирск",https://sibir-ovoshi.ru,manual,
ООО «ВолгоградМолоко»,Молочная продукция,Поставки волгоградского молока и ряженки оптом.,Волгоград,Волгоградская область,+7 (844) 220-81-88,dairy@volgograd-moloko.ru,volgograd-moloko.ru,40000,руб,Ряженка от 64 руб/л,True,ГОСТ,Доставка по ЮФО,"Волгоград, Саратов, Астрахань",https://volgograd-moloko.ru,manual,
ООО «ЗабайкальеМясо»,Мясо и птица,Поставки забайкальской говядины и баранины оптом.,Чита,Забайкальский край,+7 (302) 200-82-89,meat@zabaikalye-myaso.ru,zabaikalye-myaso.ru,65000,руб,Говядина от 340 руб/кг,True,"ГОСТ, ветеринарные сертификаты",Доставка по СФО,"Чита, Иркутск, Улан-Удэ",https://zabaikalye-myaso.ru,manual,
ООО «СочиОвощи»,Фрукты и овощи,Поставки субтропических овощей и зелени из Сочи оптом.,Сочи,Краснодарский край,+7 (862) 280-83-90,veg@sochi-ovoshi.ru,sochi-ovoshi.ru,25000,руб,Фейхоа от 280 руб/кг,False,,Доставка по ЮФО,"Сочи, Краснодар, Анапа",https://sochi-ovoshi.ru,manual,
ООО «ИвановоМолоко»,Молочная продукция,Поставки ивановского молока и масла оптом.,Иваново,Ивановская область,+7 (493) 260-84-91,dairy@ivanovo-moloko.ru,ivanovo-moloko.ru,38000,руб,Молоко от 52 руб/л,True,ГОСТ,Доставка по ЦФО,"Иваново, Ярославль, Кострома",https://ivanovo-moloko.ru,manual,
ООО «ВладивостокМясо»,Мясо и птица,Поставки свинины и говядины дальневосточного производства.,Владивосток,Приморский край,+7 (423) 240-85-92,meat@vladivostok-myaso.ru,vladivostok-myaso.ru,70000,руб,Свинина от 295 руб/кг,True,"ГОСТ, ветеринарные сертификаты",Доставка по ДВО,"Владивосток, Хабаровск, Благовещенск",https://vladivostok-myaso.ru,manual,
ООО «СаровскийХлеб»,Хлеб и выпечка,Поставки хлебобулочных изделий нижегородских предприятий.,Саров,Нижегородская область,+7 (831) 220-86-93,bread@sarov-hleb.ru,sarov-hleb.ru,28000,руб,Хлеб ржаной от 20 руб/шт,True,ГОСТ,Ежедневная доставка по ПФО,"Саров, Нижний Новгород, Арзамас",https://sarov-hleb.ru,manual,
ООО «ТатарстанМасло»,Масложировая продукция,Поставки татарского масла из конопли и льна оптом.,Казань,Республика Татарстан,+7 (843) 200-87-94,oil@tatarstan-maslo.ru,tatarstan-maslo.ru,55000,руб,Конопляное масло от 180 руб/л,True,ГОСТ,Доставка по ПФО,"Казань, Набережные Челны, Уфа",https://tatarstan-maslo.ru,manual,
ООО «РязаньМолоко»,Молочная продукция,Поставки рязанского молока и кисломолочных продуктов оптом.,Рязань,Рязанская область,+7 (491) 280-88-95,dairy@ryazan-moloko.ru,ryazan-moloko.ru,40000,руб,Кефир от 57 руб/л,True,ГОСТ,Доставка по ЦФО,"Рязань, Москва, Тула",https://ryazan-moloko.ru,manual,
ООО «БрянскМясо»,Мясо и птица,Поставки брянской свинины и говядины оптом.,Брянск,Брянская область,+7 (483) 260-89-96,pork@bryansk-myaso.ru,bryansk-myaso.ru,65000,руб,Свинина от 282 руб/кг,True,"ГОСТ, ветеринарные сертификаты",Доставка по ЦФО,"Брянск, Орёл, Смоленск",https://bryansk-myaso.ru,manual,
ООО «МоскваХладокомбинат»,Консервы,Поставки мороженого и замороженных полуфабрикатов московских предприятий.,Москва,Московская область,+7 (495) 240-90-97,frozen@moskva-hlado.ru,moskva-hlado.ru,80000,руб,Пельмени от 250 руб/кг,True,"ГОСТ, HACCP",Доставка по ЦФО,"Москва, МО, Тверь, Рязань",https://moskva-hlado.ru,manual,
ООО «ЕкатеринбургКондитер»,Кондитерские изделия,Поставки уральских тортов пирожных и шоколада.,Екатеринбург,Свердловская область,+7 (343) 220-91-98,cake@ekaterinburg-kond.ru,ekaterinburg-kond.ru,50000,руб,Торты от 540 руб/кг,True,"ГОСТ, ISO 22000",Доставка по УФО,"Екатеринбург, Тюмень, Пермь",https://ekaterinburg-kond.ru,manual,
ООО «КурскМолоко»,Молочная продукция,Поставки курского молока и сметаны оптом.,Курск,Курская область,+7 (471) 200-92-99,dairy@kursk-moloko.ru,kursk-moloko.ru,40000,руб,Сметана 25% от 148 руб/кг,True,ГОСТ,Доставка по ЦФО,"Курск, Белгород, Орёл",https://kursk-moloko.ru,manual,
ООО «ЧелябинскХлеб»,Хлеб и выпечка,Поставки уральского хлеба и выпечки оптом.,Челябинск,Челябинская область,+7 (351) 280-93-00,bread@chelyabinsk-hleb.ru,chelyabinsk-hleb.ru,30000,руб,Хлеб пшеничный от 19 руб/шт,True,ГОСТ,Ежедневная доставка по УФО,"Челябинск, Магнитогорск, Екатеринбург",https://chelyabinsk-hleb.ru,manual,
ООО «НальчикОвощи»,Фрукты и овощи,Поставки кабардинских овощей и зелени оптом.,Нальчик,Кабардино-Балкарская Республика,+7 (866) 260-94-01,veg@nalchik-ovoshi.ru,nalchik-ovoshi.ru,24000,руб,Зелень от 40 руб/пучок,False,,Доставка по СКФО,"Нальчик, Ставрополь, Пятигорск",https://nalchik-ovoshi.ru,manual,
ООО «МоскваМолоко»,Молочная продукция,Оптовые поставки молока йогурта и творога московских брендов.,Москва,Московская область,+7 (495) 240-95-02,dairy@moskva-moloko.ru,moskva-moloko.ru,60000,руб,Йогурт греческий от 90 руб/л,True,"ГОСТ, HACCP, ISO 22000",Доставка по ЦФО,"Москва, МО, Тула, Калуга",https://moskva-moloko.ru,manual,
ООО «ВологдаМясо»,Мясо и птица,Поставки вологодской говядины и оленины оптом.,Вологда,Вологодская область,+7 (817) 220-96-03,beef@vologda-myaso.ru,vologda-myaso.ru,65000,руб,Говядина от 335 руб/кг,True,"ГОСТ, ветеринарные сертификаты",Доставка по СЗФО,"Вологда, Архангельск, Петербург",https://vologda-myaso.ru,manual,
ООО «ОмскКондитер»,Кондитерские изделия,Поставки омских конфет и вафель оптом.,Омск,Омская область,+7 (381) 200-97-04,candy@omsk-kond.ru,omsk-kond.ru,35000,руб,Вафли от 210 руб/кг,True,ГОСТ,Доставка по СФО,"Омск, Новосибирск, Тюмень",https://omsk-kond.ru,manual,
ООО «СаратовРыба»,Рыба и морепродукты,Поставки поволжской рыбы — судак лещ сазан — оптом.,Саратов,Саратовская область,+7 (845) 280-98-05,fish@saratov-ryba.ru,saratov-ryba.ru,70000,руб,Судак от 210 руб/кг,True,ГОСТ,Доставка по ПФО,"Саратов, Самара, Волгоград",https://saratov-ryba.ru,manual,
ООО «ПермьЗерно»,Бакалея,Поставки пермской ржи и овса оптом от сельхозпроизводителей.,Пермь,Пермский край,+7 (342) 260-99-06,grain@perm-zerno.ru,perm-zerno.ru,75000,руб,Рожь от 14 руб/кг,True,ГОСТ,Доставка по ПФО,"Пермь, Ижевск, Екатеринбург",https://perm-zerno.ru,manual,
ООО «СочиМорепродукты»,Рыба и морепродукты,Поставки черноморских мидий устриц и рапаны оптом.,Сочи,Краснодарский край,+7 (862) 240-00-07,seafood@sochi-more.ru,sochi-more.ru,100000,руб,Мидии от 190 руб/кг,True,"ГОСТ, HACCP",Доставка по ЮФО,"Сочи, Краснодар, Анапа",https://sochi-more.ru,manual,
ООО «БашкортостанМасло»,Масложировая продукция,Поставки башкирского льняного масла оптом.,Уфа,Республика Башкортостан,+7 (347) 220-01-08,oil@bashkortostan-maslo.ru,bashkortostan-maslo.ru,50000,руб,Льняное масло от 170 руб/л,True,"ГОСТ, органический сертификат",Доставка по ПФО,"Уфа, Оренбург, Казань",https://bashkortostan-maslo.ru,manual,
ООО «ИжевскМясо»,Мясо и птица,Поставки удмуртского мяса и колбасных изделий оптом.,Ижевск,Удмуртская Республика,+7 (341) 200-02-09,meat@izhevsk-myaso.ru,izhevsk-myaso.ru,65000,руб,Колбаса варёно-копчёная от 520 руб/кг,True,"ГОСТ, HACCP",Доставка по ПФО,"Ижевск, Пермь, Казань",https://izhevsk-myaso.ru,manual,
ООО «ВладивостокЗерно»,Бакалея,Поставки дальневосточной сои и кукурузы оптом.,Владивосток,Приморский край,+7 (423) 280-03-10,grain@vladivostok-zerno.ru,vladivostok-zerno.ru,90000,руб,Соя от 28 руб/кг,True,ГОСТ,Доставка по ДВО,"Владивосток, Хабаровск, Благовещенск",https://vladivostok-zerno.ru,manual,
ООО «КемеровоМолоко»,Молочная продукция,Поставки кузбасского молока и сыров оптом.,Кемерово,Кемеровская область,+7 (384) 260-04-11,dairy@kemerovo-moloko.ru,kemerovo-moloko.ru,44000,руб,Сыр кузбасский от 450 руб/кг,True,ГОСТ,Доставка по СФО,"Кемерово, Новокузнецк, Томск",https://kemerovo-moloko.ru,manual,
ООО «НабережноЧелниМясо»,Мясо и птица,Поставки говядины и полуфабрикатов из Набережных Челнов.,Набережные Челны,Республика Татарстан,+7 (855) 240-05-12,meat@chelny-myaso.ru,chelny-myaso.ru,65000,руб,Говядина от 328 руб/кг,True,"ГОСТ, ветеринарные сертификаты",Доставка по ПФО,"Набережные Челны, Казань, Уфа",https://chelny-myaso.ru,manual,
ООО «АрхангельскМолоко»,Молочная продукция,Поставки поморского молока и творога оптом.,Архангельск,Архангельская область,+7 (818) 220-06-13,dairy@arkhangelsk-moloko.ru,arkhangelsk-moloko.ru,40000,руб,Молоко от 54 руб/л,True,ГОСТ,Доставка по СЗФО,"Архангельск, Северодвинск, Котлас",https://arkhangelsk-moloko.ru,manual,
ООО «РостовКондитер»,Кондитерские изделия,Поставки донских конфет и мармелада оптом.,Ростов-на-Дону,Ростовская область,+7 (863) 200-07-14,candy@rostov-kond.ru,rostov-kond.ru,40000,руб,Мармелад от 260 руб/кг,True,ГОСТ,Доставка по ЮФО,"Ростов, Краснодар, Волгоград",https://rostov-kond.ru,manual,
ООО «ТюменьМолоко»,Молочная продукция,Поставки тюменского молока биойогурта и простокваши.,Тюмень,Тюменская область,+7 (345) 280-08-15,dairy@tyumen-moloko.ru,tyumen-moloko.ru,43000,руб,Простокваша от 60 руб/л,True,ГОСТ,Доставка по УФО,"Тюмень, Тобольск, Ишим",https://tyumen-moloko.ru,manual,
ООО «СмоленскМясо»,Мясо и птица,Поставки смоленской свинины и говядины оптом.,Смоленск,Смоленская область,+7 (481) 260-09-16,pork@smolensk-myaso.ru,smolensk-myaso.ru,62000,руб,Свинина от 283 руб/кг,True,"ГОСТ, ветеринарные сертификаты",Доставка по ЦФО,"Смоленск, Брянск, Москва",https://smolensk-myaso.ru,manual,
ООО «НовосибирскКрупа»,Бакалея,Поставки гречки риса и чечевицы от новосибирских поставщиков.,Новосибирск,Новосибирская область,+7 (383) 240-10-17,cereal@novosibirsk-krupa.ru,novosibirsk-krupa.ru,50000,руб,Чечевица от 75 руб/кг,True,ГОСТ,Доставка по СФО,"Новосибирск, Омск, Барнаул",https://novosibirsk-krupa.ru,manual,
ООО «ЯкутияМёд»,Кондитерские изделия,Поставки якутского дикого мёда и таёжных продуктов.,Якутск,Республика Саха (Якутия),+7 (411) 220-11-18,honey@yakutiya-med.ru,yakutiya-med.ru,14000,руб,Дикий мёд от 600 руб/кг,True,ГОСТ,Доставка по ДВО и РФ,"Якутск, Хабаровск, Москва",https://yakutiya-med.ru,manual,
